entity_type,owner_tg_chat_id,owner_tg_message_id,reaction,reaction_count
post,1325045928,4,👍,2
post,1325045928,6,👍,2
post,1325045928,7,👍,2
post,1325045928,9,👍,1
post,1325045928,12,👍,1
post,1325045928,14,👍,1
post,1325045928,15,👍,1
post,1325045928,16,👍,1
post,1325045928,22,👍,1
post,1325045928,23,👍,1
post,1325045928,37,❤,1
post,1325045928,39,👍,1
post,1325045928,43,👍,1
post,1325045928,93,👍,2
post,1325045928,108,👍,1
post,1325045928,111,👍,1
post,1325045928,119,👍,1
post,1325045928,133,👍,1
post,1325045928,143,🔥,1
post,1325045928,152,👍,1
post,1325045928,176,👍,2
post,1325045928,189,👍,1
post,1325045928,195,👍,1
post,1325045928,198,👍,1
post,1325045928,205,👍,1
post,1325045928,207,❤,1
post,1325045928,226,👍,1
post,1325045928,227,👍,1
post,1325045928,246,👍,1
post,1468185044,9,❤,1
post,1468185044,20,👍,2
post,1468185044,56,👍,1
post,1468185044,58,👍,1
post,1468185044,63,👍,1
post,1468185044,69,👍,1
post,1468185044,86,👍,1
post,1468185044,87,👍,1
post,1468185044,103,👍,1
post,1468185044,108,👍,1
post,1468185044,115,👍,1
post,1468185044,157,👍,1
post,1803562165,19,👍,53
post,1803562165,19,🔥,14
post,1803562165,19,🥰,3
post,1803562165,21,👍,126
post,1803562165,21,🔥,16
post,1803562165,21,❤,15
post,1803562165,21,🤔,4
post,1803562165,21,😱,2
post,1803562165,21,🥰,1
post,1803562165,22,❤,138
post,1803562165,22,🥰,18
post,1803562165,22,🎉,14
post,1803562165,22,👍,10
post,1803562165,25,👍,147
post,1803562165,25,❤,58
post,1803562165,25,🔥,12
post,1803562165,25,🍓,10
post,1803562165,25,🙏,3
post,1803562165,25,👎,1
post,1803562165,62,❤,89
post,1803562165,62,👍,34
post,1803562165,62,🔥,14
post,1803562165,62,🙏,8
post,1803562165,62,🤔,4
post,1803562165,62,🥰,1
post,1803562165,80,❤,71
post,1803562165,80,👍,45
post,1803562165,80,🥰,4
post,1803562165,80,❤‍🔥,1
post,1803562165,81,👍,116
post,1803562165,81,🔥,21
post,1803562165,81,❤,16
post,1803562165,81,❤‍🔥,3
post,1803562165,92,🔥,48
post,1803562165,92,👍,34
post,1803562165,92,❤,15
post,1803562165,92,👏,3
post,1803562165,92,🤔,2
post,1803562165,127,👍,99
post,1803562165,127,🔥,22
post,1803562165,127,❤,17
post,1803562165,148,🔥,51
post,1803562165,148,❤,15
post,1803562165,148,👍,8
post,1803562165,148,😁,2
post,1803562165,176,❤,25
post,1803562165,176,👍,12
post,1803562165,182,👍,64
post,1803562165,182,❤,10
post,1803562165,182,🕊,1
post,1803562165,195,🥰,19
post,1803562165,195,👍,3
post,1803562165,195,🔥,3
post,1803562165,195,👎,1
post,1803562165,223,❤,13
post,1803562165,223,🤔,13
post,1803562165,223,👍,5
post,1803562165,224,👍,150
post,1803562165,224,❤,34
post,1803562165,224,🔥,8
post,1803562165,224,🤔,2
post,1803562165,229,🔥,248
post,1803562165,229,❤,161
post,1803562165,229,👍,12
post,1803562165,232,❤,21
post,1803562165,232,👏,11
post,1803562165,232,👍,5
post,1803562165,235,👍,30
post,1803562165,235,❤,7
post,1803562165,235,🔥,4
post,1803562165,238,👍,21
post,1803562165,238,🥰,1
post,1803562165,256,👍,27
post,1803562165,262,❤,131
post,1803562165,262,👍,72
post,1803562165,262,🔥,17
post,1803562165,262,👌,4
post,1803562165,262,🤔,2
post,1803562165,262,🙏,2
post,1803562165,374,👍,79
post,1803562165,374,❤,74
post,1803562165,374,🔥,56
post,1803562165,374,👎,1
post,1803562165,376,👍,68
post,1803562165,376,❤,20
post,1803562165,376,🔥,19
post,1803562165,376,🐳,15
post,1803562165,376,🤓,14
post,1803562165,376,🎉,13
post,1803562165,376,👏,10
post,1803562165,376,😍,9
post,1803562165,377,❤,554
post,1803562165,377,🔥,83
post,1803562165,377,👍,22
post,1803562165,377,🍓,7
post,1803562165,377,🐳,3
post,1803562165,377,🤔,2
post,1803562165,377,🍾,1
post,1803562165,378,👍,648
post,1803562165,378,❤,16
post,1803562165,378,🔥,16
post,1803562165,378,🤔,4
post,1803562165,378,😁,2
post,1803562165,379,🔥,460
post,1803562165,379,👍,45
post,1803562165,379,❤,34
post,1803562165,379,🤔,6
post,1803562165,380,❤,600
post,1803562165,380,👍,20
post,1803562165,380,🔥,10
post,1803562165,380,🤔,4
post,1803562165,381,❤,525
post,1803562165,381,🔥,51
post,1803562165,381,👍,24
post,1803562165,382,❤,74
post,1803562165,382,👍,31
post,1803562165,382,🎉,11
post,1803562165,382,🤩,5
post,1803562165,382,🙏,5
post,1803562165,382,🍓,2
post,1803562165,382,👏,1
post,1803562165,384,❤,100
post,1803562165,384,👍,39
post,1803562165,384,💯,11
post,1803562165,384,🏆,5
post,1803562165,384,🎉,3
post,1803562165,384,🐳,3
post,1803562165,431,🐳,61
post,1803562165,431,👍,18
post,1803562165,431,❤,11
post,1803562165,431,🍓,9
post,1803562165,431,👏,5
post,1803562165,431,🥰,4
post,1803562165,431,👌,4
post,1803562165,431,😁,3
post,1803562165,432,👍,185
post,1803562165,432,🍌,32
post,1803562165,432,💯,14
post,1803562165,432,🔥,7
post,1803562165,432,❤,4
post,1803562165,432,🐳,2
post,1803562165,433,🔥,177
post,1803562165,433,🍓,34
post,1803562165,433,👍,21
post,1803562165,433,❤,5
post,1803562165,433,🐳,5
post,1803562165,433,🎉,2
post,1803562165,434,💯,195
post,1803562165,434,👍,16
post,1803562165,434,🔥,9
post,1803562165,434,🐳,5
post,1803562165,434,🤷‍♂,1
post,1803562165,434,🌭,1
post,1803562165,435,👍,34
post,1803562165,435,❤,1
post,1803562165,437,❤,35
post,1803562165,437,👍,18
post,1803562165,437,👏,1
post,1803562165,445,👍,92
post,1803562165,445,❤,15
post,1803562165,445,🔥,11
post,1803562165,445,👎,5
post,1803562165,445,🤡,5
post,1803562165,445,👏,3
post,1803562165,445,😁,1
post,1803562165,445,🙏,1
post,1803562165,453,👍,25
post,1803562165,453,❤,6
post,1803562165,453,🔥,1
post,1803562165,460,👍,16
post,1803562165,460,❤,10
post,1803562165,460,🔥,3
post,1803562165,460,👎,1
post,1803562165,460,🥰,1
post,1803562165,469,👍,11
post,1803562165,469,❤,5
post,1803562165,469,👎,1
post,1803562165,471,👍,16
post,1803562165,471,❤,3
post,1803562165,471,❤‍🔥,1
post,1803562165,483,👍,24
post,1803562165,483,❤,7
post,1803562165,483,🔥,6
post,1803562165,490,🔥,206
post,1803562165,490,👍,14
post,1803562165,490,❤,8
post,1803562165,492,👍,78
post,1803562165,492,❤,16
post,1803562165,492,🔥,8
post,1803562165,497,👍,21
post,1803562165,497,❤,4
post,1803562165,497,🔥,2
post,1803562165,498,❤,39
post,1803562165,498,👍,18
post,1803562165,498,👏,1
post,1803562165,505,👍,17
post,1803562165,505,❤,6
post,1803562165,505,😁,1
post,1803562165,506,👍,8
post,1803562165,506,❤,4
post,1803562165,554,👍,13
post,1803562165,554,❤,3
post,1803562165,563,👍,14
post,1803562165,563,❤,3
post,1803562165,592,❤,21
post,1803562165,592,🔥,14
post,1803562165,592,👍,7
post,1803562165,592,💯,1
post,1803562165,598,👍,9
post,1803562165,598,🎉,2
post,1803562165,598,😁,1
post,1803562165,599,🔥,229
post,1803562165,599,👍,18
post,1803562165,599,❤,17
post,1803562165,599,🥰,2
post,1803562165,599,👏,2
post,1803562165,604,👍,26
post,1803562165,604,🔥,3
post,1803562165,604,❤,2
post,1803562165,605,👍,43
post,1803562165,605,❤,2
post,1803562165,607,👍,17
post,1803562165,607,❤,3
post,1803562165,609,🔥,153
post,1803562165,609,❤,19
post,1803562165,609,👍,17
post,1803562165,667,❤,15
post,1803562165,667,👍,10
post,1803562165,667,🔥,2
post,1803562165,667,👏,1
post,1803562165,668,👍,32
post,1803562165,668,❤,21
post,1803562165,669,❤,16
post,1803562165,669,🔥,1
post,1803562165,669,💩,1
post,1803562165,670,❤,31
post,1803562165,670,👍,15
post,1803562165,670,🔥,11
post,1803562165,670,🤣,4
post,1803562165,670,👎,1
post,1803562165,672,👍,5
post,1803562165,672,❤,1
post,1803562165,673,👍,8
post,1803562165,673,❤,5
post,1803562165,673,🔥,1
post,1803562165,674,❤,73
post,1803562165,674,👍,16
post,1803562165,675,❤,1
post,1803562165,682,👍,65
post,1803562165,682,❤,18
post,1803562165,682,🔥,7
post,1803562165,684,👍,8
post,1803562165,684,🔥,4
post,1803562165,684,👎,1
post,1803562165,685,❤,44
post,1803562165,685,👍,14
post,1803562165,685,🔥,5
post,1803562165,687,👍,20
post,1803562165,687,❤,7
post,1803562165,687,🔥,5
post,1803562165,693,❤,37
post,1803562165,693,👍,14
post,1803562165,693,🔥,6
post,1803562165,693,🥰,2
post,1803562165,693,😁,2
post,1803562165,695,👍,28
post,1803562165,695,❤,7
post,1803562165,695,❤‍🔥,2
post,1803562165,696,👍,4
post,1803562165,702,👍,82
post,1803562165,702,❤,20
post,1803562165,702,🔥,12
post,1803562165,702,🕊,3
post,1803562165,708,🥰,26
post,1803562165,708,👍,6
post,1803562165,708,🔥,5
post,1803562165,715,❤,20
post,1803562165,715,👍,8
post,1803562165,715,🔥,4
post,1803562165,716,❤,18
post,1803562165,716,👍,1
post,1803562165,717,❤,21
post,1803562165,717,👍,3
post,1803562165,717,👏,1
post,1803562165,718,👍,18
post,1803562165,718,🔥,12
post,1803562165,719,❤,19
post,1803562165,719,🔥,5
post,1803562165,719,👍,4
post,1803562165,732,❤,9
post,1803562165,732,👍,4
post,1803562165,781,❤,31
post,1803562165,781,👍,10
post,1803562165,781,🔥,8
post,1803562165,783,👍,22
post,1803562165,783,❤,6
post,1803562165,797,👍,99
post,1803562165,797,❤,40
post,1803562165,797,🔥,12
post,1803562165,798,👍,90
post,1803562165,798,❤,23
post,1803562165,803,👍,59
post,1803562165,803,❤,16
post,1803562165,803,❤‍🔥,9
post,1803562165,803,👎,2
post,1803562165,805,🔥,22
post,1803562165,805,👍,12
post,1803562165,805,❤,4
post,1803562165,805,😁,1
post,1803562165,873,❤,12
post,1803562165,873,👍,3
post,1803562165,873,👏,3
post,1803562165,873,🎉,1
post,1803562165,966,❤,12
post,1803562165,966,👍,8
post,1803562165,967,👍,5
post,1803562165,967,❤,3
post,1803562165,971,👍,7
post,1803562165,971,🔥,1
post,1803562165,1000,❤,24
post,1803562165,1000,👍,8
post,1803562165,1048,❤,65
post,1803562165,1048,👍,33
post,1803562165,1048,🔥,8
post,1803562165,1055,👍,67
post,1803562165,1055,❤,18
post,1803562165,1055,🔥,1
post,1803562165,1060,🔥,51
post,1803562165,1060,👍,39
post,1803562165,1060,❤,12
post,1803562165,1065,❤,33
post,1803562165,1065,👍,13
post,1803562165,1065,🔥,13
post,1803562165,1065,🥰,5
post,1803562165,1075,❤,49
post,1803562165,1075,👍,9
post,1803562165,1075,😁,4
post,1803562165,1078,👍,69
post,1803562165,1078,❤,19
post,1803562165,1078,🔥,5
post,1803562165,1078,🥰,1
post,1803562165,1096,👍,95
post,1803562165,1096,🔥,21
post,1803562165,1096,❤,12
post,1803562165,1096,🥰,11
post,1803562165,1114,😁,100
post,1803562165,1114,👍,17
post,1803562165,1114,❤,14
post,1803562165,1114,🔥,4
post,1803562165,1115,🔥,59
post,1803562165,1115,👍,11
post,1803562165,1115,❤,4
post,1803562165,1130,👏,36
post,1803562165,1130,❤,12
post,1803562165,1130,🔥,8
post,1803562165,1130,👍,3
post,1803562165,1131,👍,29
post,1803562165,1131,🔥,9
post,1803562165,1131,❤,3
post,1803562165,1131,🥰,1
post,1803562165,1132,👍,30
post,1803562165,1132,🔥,11
post,1803562165,1132,❤,2
post,1803562165,1133,👍,32
post,1803562165,1133,🔥,11
post,1803562165,1133,❤,5
post,1803562165,1134,❤,23
post,1803562165,1134,🔥,7
post,1803562165,1134,👍,6
post,1803562165,1135,👍,28
post,1803562165,1135,❤,8
post,1803562165,1135,🔥,4
post,1803562165,1136,👍,28
post,1803562165,1136,🔥,10
post,1803562165,1136,❤,5
post,1803562165,1137,👍,19
post,1803562165,1137,❤,2
post,1803562165,1138,🔥,113
post,1803562165,1138,👍,7
post,1803562165,1138,❤,6
post,1803562165,1139,👍,44
post,1803562165,1139,🔥,8
post,1803562165,1139,❤,7
post,1803562165,1140,👍,39
post,1803562165,1140,❤,7
post,1803562165,1140,🔥,7
post,1803562165,1141,👍,48
post,1803562165,1141,🔥,11
post,1803562165,1141,❤,4
post,1803562165,1141,🥰,4
post,1803562165,1142,❤,5
post,1803562165,1144,🔥,31
post,1803562165,1144,👍,13
post,1803562165,1144,❤,5
post,1803562165,1144,🥰,1
post,1803562165,1153,👍,26
post,1803562165,1153,❤,2
post,1803562165,1153,🔥,2
post,1803562165,1156,❤,58
post,1803562165,1156,👍,20
post,1803562165,1158,👍,18
post,1803562165,1160,🔥,46
post,1803562165,1160,👍,14
post,1803562165,1160,❤,13
post,1803562165,1161,🔥,161
post,1803562165,1161,👍,39
post,1803562165,1161,❤,30
post,1803562165,1161,❤‍🔥,5
post,1803562165,1161,👎,1
post,1803562165,1238,❤,66
post,1803562165,1238,🔥,29
post,1803562165,1238,👍,26
post,1803562165,1238,❤‍🔥,4
post,1803562165,1238,😍,3
post,1803562165,1238,👏,2
post,1803562165,1241,🔥,34
post,1803562165,1241,👍,18
post,1803562165,1241,❤,15
post,1803562165,1243,👍,3
post,1803562165,1244,❤,56
post,1803562165,1244,👍,32
post,1803562165,1244,🔥,9
post,1803562165,1244,👏,3
post,1803562165,1253,🔥,71
post,1803562165,1253,❤,28
post,1803562165,1253,👍,10
post,1803562165,1253,😍,3
post,1803562165,1257,👍,14
post,1803562165,1257,🥰,1
post,1803562165,1264,👍,3
post,1803562165,1265,👍,22
post,1803562165,1265,❤,12
post,1803562165,1265,🥰,1
post,1803562165,1298,👍,12
post,1803562165,1298,❤,1
post,1803562165,1299,🔥,16
post,1803562165,1299,👍,14
post,1803562165,1299,❤,4
post,1803562165,1304,❤,19
post,1803562165,1304,👍,7
post,1803562165,1304,👎,1
post,1803562165,1338,❤,67
post,1803562165,1338,🔥,29
post,1803562165,1338,👍,18
post,1803562165,1338,🥰,2
post,1803562165,1355,👍,13
post,1803562165,1355,🔥,6
post,1803562165,1362,👍,47
post,1803562165,1362,❤,10
post,1803562165,1362,🔥,3
post,1803562165,1423,👍,16
post,1803562165,1424,👍,15
post,1803562165,1424,❤,3
post,1803562165,1424,⚡,2
post,1803562165,1427,❤,72
post,1803562165,1427,👍,26
post,1803562165,1427,🔥,11
post,1803562165,1434,❤,58
post,1803562165,1434,👍,23
post,1803562165,1434,🔥,7
post,1803562165,1434,😍,2
post,1803562165,1450,❤,57
post,1803562165,1450,👍,35
post,1803562165,1450,🔥,1
post,1803562165,1450,😍,1
post,1803562165,1462,❤,73
post,1803562165,1462,👍,41
post,1803562165,1462,🔥,11
post,1803562165,1462,😍,3
post,1803562165,1463,👍,18
post,1803562165,1463,❤,2
post,1803562165,1464,❤,17
post,1803562165,1473,❤,39
post,1803562165,1473,🔥,17
post,1803562165,1473,👍,5
post,1803562165,1473,😍,3
post,1803562165,1480,🔥,115
post,1803562165,1480,👍,20
post,1803562165,1480,❤,11
post,1803562165,1481,🔥,27
post,1803562165,1481,❤,6
post,1803562165,1481,👍,6
post,1803562165,1482,👍,13
post,1803562165,1489,👍,62
post,1803562165,1489,❤,14
post,1803562165,1489,🔥,6
post,1803562165,1489,😍,3
post,2772366167,100,❤,5
post,2772366167,100,👍,4
post,2772366167,100,🔥,2
post,2772366167,103,❤,5
post,2772366167,103,👍,2
post,2772366167,103,👌,2
post,2772366167,103,🔥,1
post,2772366167,104,❤,5
post,2772366167,104,🔥,2
post,2772366167,104,👌,2
post,2772366167,104,👍,1
post,2772366167,105,❤,5
post,2772366167,105,🥰,3
post,2772366167,105,👌,2
post,2772366167,106,❤,6
post,2772366167,106,👍,5
post,2772366167,106,🔥,2
post,2772366167,107,❤,4
post,2772366167,107,👍,4
post,2772366167,107,💯,2
post,2772366167,108,❤,6
post,2772366167,108,🔥,4
post,2772366167,108,🥰,2
post,2772366167,108,👍,1
post,2772366167,109,❤,7
post,2772366167,109,👍,4
post,2772366167,109,🔥,4
post,2772366167,111,❤,8
post,2772366167,111,🙏,3
post,2772366167,111,🥰,1
post,2772366167,111,👌,1
post,2772366167,112,❤,7
post,2772366167,112,🙏,6
post,2772366167,112,👍,1
post,2772366167,112,👌,1
post,2772366167,113,🔥,8
post,2772366167,113,❤,7
post,2772366167,113,👌,3
post,2772366167,114,❤,9
post,2772366167,114,👍,3
post,2772366167,114,🙏,2
post,2772366167,114,😱,1
post,2772366167,115,❤,9
post,2772366167,115,🔥,5
post,2772366167,115,🥰,3
post,2772366167,116,❤,9
post,2772366167,116,🥰,4
post,2772366167,116,👍,1
post,2772366167,116,🔥,1
post,2772366167,117,❤,10
post,2772366167,117,🥰,5
post,2772366167,117,🔥,3
post,2772366167,118,❤,13
post,2772366167,118,🔥,5
post,2772366167,118,🥰,2
post,2772366167,118,👍,1
post,2772366167,119,❤,13
post,2772366167,119,🥰,3
post,2772366167,119,👍,1
post,2772366167,119,🔥,1
post,2772366167,119,😍,1
post,2772366167,121,❤,10
post,2772366167,121,🔥,9
post,2772366167,121,👍,4
post,2772366167,121,🙏,2
post,2772366167,122,❤,16
post,2772366167,122,🔥,11
post,2772366167,122,👍,7
post,2772366167,122,🥰,3
post,2772366167,122,❤‍🔥,1
post,2772366167,123,❤,18
post,2772366167,123,👍,14
post,2772366167,123,🥰,7
post,2772366167,123,👏,3
post,2772366167,123,❤‍🔥,2
post,2772366167,125,🔥,17
post,2772366167,125,❤,14
post,2772366167,125,👌,9
post,2772366167,125,👍,8
post,2772366167,125,👏,3
post,2772366167,125,❤‍🔥,2
post,2772366167,126,❤,19
post,2772366167,126,❤‍🔥,17
post,2772366167,126,🔥,16
post,2772366167,126,👍,10
post,2772366167,126,🥰,3
post,2772366167,127,❤,26
post,2772366167,127,👍,24
post,2772366167,127,🔥,21
post,2772366167,127,🥰,12
post,2772366167,127,💯,4
post,2772366167,127,🐳,1
post,2772366167,128,❤,29
post,2772366167,128,🔥,28
post,2772366167,128,🤔,24
post,2772366167,128,🥰,11
post,2772366167,128,❤‍🔥,3
post,2772366167,128,🐳,2
post,2772366167,130,❤,18
post,2772366167,130,🔥,10
post,2772366167,130,🥰,7
post,2772366167,130,❤‍🔥,2
post,2772366167,130,💯,1
post,2772366167,131,🔥,16
post,2772366167,131,❤,11
post,2772366167,131,👏,8
post,2772366167,131,😘,5
post,2772366167,131,🏆,1
post,2772366167,132,❤,13
post,2772366167,132,💯,8
post,2772366167,132,👍,4
post,2772366167,133,❤,18
post,2772366167,133,⚡,8
post,2772366167,133,❤‍🔥,7
post,2772366167,133,🔥,5
post,2772366167,133,🥰,3
post,2772366167,134,🔥,14
post,2772366167,134,❤,12
post,2772366167,134,👍,9
post,2772366167,134,🤩,2
post,2772366167,136,❤,15
post,2772366167,136,👏,13
post,2772366167,136,🥰,12
post,2772366167,136,🔥,3
post,2772366167,137,👍,23
post,2772366167,137,❤,22
post,2772366167,137,⚡,21
post,2772366167,137,😍,11
post,2772366167,138,❤,16
post,2772366167,138,🔥,11
post,2772366167,138,🥰,10
post,2772366167,139,❤,16
post,2772366167,139,👌,11
post,2772366167,139,💯,11
post,2772366167,139,🔥,5
post,2772366167,140,🔥,32
post,2772366167,140,❤,30
post,2772366167,140,🥰,29
post,2772366167,140,💯,9
post,2772366167,141,❤,45
post,2772366167,141,👍,44
post,2772366167,141,⚡,39
post,2772366167,141,🔥,22
post,2772366167,141,💯,9
post,2772366167,141,🥰,4
post,2772366167,142,❤,12
post,2772366167,142,❤‍🔥,11
post,2772366167,142,👍,11
post,2772366167,142,🥰,7
post,2772366167,142,🔥,4
post,2772366167,142,👏,1
post,2772366167,143,⚡,41
post,2772366167,143,🥰,37
post,2772366167,143,🔥,36
post,2772366167,143,❤,22
post,2772366167,143,👍,5
post,2772366167,143,😇,3
post,2772366167,143,👏,2
post,2772366167,144,❤,33
post,2772366167,144,🎉,31
post,2772366167,144,🏆,21
post,2772366167,144,🔥,8
post,2772366167,145,❤,41
post,2772366167,145,💯,31
post,2772366167,145,⚡,23
post,2772366167,145,🔥,9
post,2772366167,146,🔥,24
post,2772366167,146,❤,18
post,2772366167,146,🥰,16
post,2772366167,147,🔥,34
post,2772366167,147,❤,27
post,2772366167,147,⚡,20
post,2772366167,147,👏,6
post,2772366167,147,🥰,1
post,2772366167,148,🔥,38
post,2772366167,148,❤,28
post,2772366167,148,💯,27
post,2772366167,148,👍,5
post,2772366167,149,❤,53
post,2772366167,149,👍,40
post,2772366167,149,👏,29
post,2772366167,149,🔥,11
post,2772366167,149,💯,7
post,2772366167,150,🔥,58
post,2772366167,150,💯,38
post,2772366167,150,❤,36
post,2772366167,150,👍,7
post,2772366167,151,❤,56
post,2772366167,151,🥰,43
post,2772366167,151,🕊,31
post,2772366167,151,🔥,6
post,2772366167,152,🔥,47
post,2772366167,152,❤,43
post,2772366167,152,👍,34
post,2772366167,152,🥰,10
post,2772366167,152,👏,4
post,2772366167,153,❤,45
post,2772366167,153,🔥,28
post,2772366167,153,❤‍🔥,21
post,2772366167,154,🔥,38
post,2772366167,154,🥰,27
post,2772366167,154,🐳,23
post,2772366167,154,👀,7
post,2772366167,155,🔥,50
post,2772366167,155,👍,45
post,2772366167,155,❤,36
post,2772366167,155,🤔,9
post,2772366167,157,❤,45
post,2772366167,157,👍,31
post,2772366167,157,🥰,24
post,2772366167,157,🔥,3
post,2772366167,158,❤,46
post,2772366167,158,👍,34
post,2772366167,158,🥰,23
post,2772366167,158,⚡,3
post,2772366167,159,❤,28
post,2772366167,159,🔥,20
post,2772366167,159,👍,12
post,2772366167,159,⚡,7
post,2772366167,160,❤,41
post,2772366167,160,🔥,33
post,2772366167,160,👍,29
post,2772366167,160,😱,11
post,2772366167,160,🤩,3
post,2772366167,160,🖕,3
post,2772366167,161,👍,30
post,2772366167,161,🔥,25
post,2772366167,161,❤,20
post,2772366167,161,😱,11
post,2772366167,162,🔥,50
post,2772366167,162,👏,32
post,2772366167,162,😱,28
post,2772366167,162,❤,11
post,2772366167,163,❤,57
post,2772366167,163,🔥,39
post,2772366167,163,👌,25
post,2772366167,163,🥰,4
post,2772366167,164,❤,13
post,2772366167,164,🥰,7
post,2772366167,164,🔥,5
post,2772366167,165,❤,27
post,2772366167,165,🔥,17
post,2772366167,165,🙏,12
post,2772366167,166,❤‍🔥,13
post,2772366167,166,🔥,10
post,2772366167,166,👍,6
post,2772366167,167,❤,31
post,2772366167,167,🥰,20
post,2772366167,167,👍,18
post,2772366167,168,❤,30
post,2772366167,168,👏,19
post,2772366167,168,👍,17
post,2772366167,168,🔥,4
post,2772366167,169,❤‍🔥,25
post,2772366167,169,❤,23
post,2772366167,169,🔥,21
post,2772366167,169,💯,7
post,2772366167,170,❤,26
post,2772366167,170,👍,21
post,2772366167,170,💯,18
post,2772366167,170,🙏,5
post,2772366167,171,🔥,28
post,2772366167,171,❤,21
post,2772366167,171,🙏,14
post,2772366167,172,❤,24
post,2772366167,172,🔥,16
post,2772366167,172,💯,9
post,2772366167,172,🙏,5
post,2772366167,173,❤,23
post,2772366167,173,👍,16
post,2772366167,173,🔥,13
post,2772366167,174,❤,23
post,2772366167,174,🔥,16
post,2772366167,174,👏,13
post,2772366167,174,👍,6
post,2772366167,174,❤‍🔥,2
post,2772366167,175,🔥,24
post,2772366167,175,❤,20
post,2772366167,175,❤‍🔥,18
post,2772366167,175,🙏,5
post,2772366167,176,👍,28
post,2772366167,176,🔥,20
post,2772366167,176,😍,13
post,2772366167,176,❤,10
post,3135516567,2,😁,9
post,3135516567,2,❤,2
post,3135516567,2,👍,1
post,3135516567,3,🔥,4
post,3135516567,3,❤,2
post,3135516567,4,😁,7
post,3135516567,4,❤,2
post,3135516567,5,❤,5
post,3135516567,5,👍,5
post,3135516567,6,👍,6
post,3135516567,6,❤,2
post,3135516567,7,👍,6
post,3135516567,7,❤,2
post,3135516567,8,👍,10
post,3135516567,8,❤,9
post,3135516567,15,❤,11
post,3135516567,15,👍,7
comment,3135516567,18,❤,5
comment,3135516567,18,👍,2
post,3135516567,19,🔥,9
post,3135516567,19,❤,7
post,3135516567,19,👍,3
comment,3135516567,22,👍,1
post,3135516567,25,❤,16
post,3135516567,25,👍,2
comment,3135516567,29,💯,1
post,3135516567,31,❤,10
post,3135516567,31,👍,6
comment,3135516567,34,👍,3
post,3135516567,38,👍,15
post,3135516567,38,❤,3
post,3135516567,38,👏,2
comment,3135516567,43,❤,2
comment,3135516567,44,👍,1
post,3135516567,46,❤,10
post,3135516567,46,👍,7
post,3135516567,49,❤,9
post,3135516567,49,🔥,4
comment,3135516567,50,👍,1
comment,3135516567,52,❤,1
comment,3135516567,54,❤,1
comment,3135516567,55,❤,1
post,3135516567,56,❤,7
post,3135516567,56,🔥,3
comment,3135516567,57,😁,1
comment,3135516567,59,👍,1
post,3135516567,60,❤,6
post,3135516567,60,👍,5
post,3135516567,60,🔥,5
post,3135516567,61,❤,2
comment,3135516567,67,🔥,1
comment,3135516567,70,👏,1
comment,3135516567,72,❤,1
comment,3135516567,72,🔥,1
comment,3135516567,76,❤,1
comment,3135516567,78,❤,1
post,3135516567,84,👏,13
post,3135516567,84,❤,3
post,3135516567,84,🔥,2
comment,3135516567,86,💯,2
comment,3135516567,89,❤,1
comment,3135516567,91,❤,1
comment,3135516567,91,🙏,1
comment,3135516567,92,🤝,1
post,3135516567,93,👍,18
post,3135516567,93,❤,7
comment,3135516567,102,❤,1
comment,3135516567,103,🙏,1
comment,3135516567,104,👍,1
comment,3135516567,108,🤝,1
comment,3135516567,110,💯,1
post,3135516567,111,❤,11
post,3135516567,111,🔥,7
post,3135516567,111,👍,1
comment,3135516567,113,👍,1
comment,3135516567,114,😢,1
comment,3135516567,116,❤,1
comment,3135516567,122,🤝,1
post,3135516567,125,👍,16
post,3135516567,125,🔥,4
post,3135516567,125,❤,2
post,3135516567,128,❤,21
post,3135516567,128,👍,6
post,3135516567,128,🔥,2
comment,3135516567,130,❤,1
comment,3135516567,132,🤝,1
comment,3135516567,133,💯,1
comment,3135516567,134,❤,1
comment,3135516567,134,👍,1
comment,3135516567,136,❤,1
comment,3135516567,137,❤,1
comment,3135516567,137,👍,1
comment,3135516567,138,👍,1
comment,3135516567,138,💯,1
comment,3135516567,141,👍,1
comment,3135516567,142,❤,1
comment,3135516567,144,👍,1
comment,3135516567,145,❤,1
comment,3135516567,148,❤,1
comment,3135516567,150,✍,1
post,3135516567,156,❤,7
post,3135516567,156,🔥,5
post,3135516567,156,👍,1
comment,3135516567,162,🍓,1
comment,3135516567,163,🤝,1
post,3135516567,166,🔥,14
post,3135516567,166,👍,6
post,3135516567,166,👏,2
comment,3135516567,167,✍,1
comment,3135516567,168,👍,3
comment,3135516567,168,💯,2
comment,3135516567,168,🤗,2
comment,3135516567,169,🤝,2
comment,3135516567,169,🤗,2
comment,3135516567,171,👍,1
comment,3135516567,178,❤,1
comment,3135516567,180,❤,1
comment,3135516567,186,🔥,1
comment,3135516567,187,🤔,1
comment,3135516567,200,👍,1
post,3135516567,201,❤,10
post,3135516567,201,👍,8
post,3135516567,201,🔥,1
comment,3135516567,208,❤,1
post,2279888954,5,❤,1
post,2279888954,10,👍,1
post,2279888954,10,🔥,1
post,2279888954,11,👍,1
post,2279888954,15,👍,1
post,2279888954,17,❤,1
post,2279888954,17,🔥,1
post,2279888954,17,🤯,1
post,2279888954,20,❤,1
post,2279888954,24,❤,2
post,2279888954,30,❤,1
post,2279888954,71,🔥,2
post,2279888954,73,👍,1
post,2279888954,148,ReactionPaid(),10
post,2279888954,148,🔥,1
post,2279888954,159,👍,1
post,2279888954,162,❤,1
post,2279888954,162,👍,1
post,2279888954,163,🔥,2
post,2279888954,164,👍,5
post,2279888954,166,🔥,4
post,2279888954,166,👍,1
post,2279888954,167,👍,4
post,2279888954,168,🔥,3
post,2279888954,168,👍,1
post,2279888954,169,👍,4
post,2279888954,169,🔥,2
post,2279888954,170,👍,3
post,2279888954,170,🔥,2
post,2279888954,170,😱,1
post,2279888954,171,👍,3
post,2279888954,172,🔥,2
post,2279888954,173,🔥,2
post,2279888954,173,👍,1
post,2279888954,174,🔥,2
post,2279888954,174,❤,1
post,2279888954,174,👍,1
post,2279888954,175,❤,3
post,2279888954,175,👍,1
post,2279888954,175,🔥,1
post,2279888954,176,👍,3
post,2279888954,176,❤,2
post,2279888954,176,🔥,2
post,2279888954,177,👍,4
post,2279888954,177,❤,2
post,2279888954,177,🔥,1
post,2279888954,178,❤,3
post,2279888954,178,👍,3
post,2279888954,178,🔥,2
post,2279888954,179,❤,3
post,2279888954,179,👍,1
post,2279888954,179,🔥,1
post,2279888954,180,👍,3
post,2279888954,180,❤,2
post,2279888954,180,🔥,1
post,2279888954,181,❤,2
post,2279888954,181,👍,1
post,2279888954,181,🔥,1
post,2279888954,182,❤,1
post,2279888954,182,👍,1
post,2279888954,182,🔥,1
post,2279888954,183,👍,3
post,2279888954,183,❤,1
post,2279888954,183,🔥,1
post,2279888954,184,❤,3
post,2279888954,184,👍,2
post,2279888954,184,🔥,1
post,2279888954,185,🔥,3
post,2279888954,185,👍,2
post,2279888954,186,❤,3
post,2279888954,186,👍,2
post,2279888954,186,🔥,1
post,2279888954,187,👍,3
post,2279888954,187,❤,1
post,2279888954,187,🔥,1
post,2279888954,188,❤,7
post,2279888954,188,👍,1
post,2279888954,189,🔥,8
post,2279888954,189,❤,2
post,2279888954,189,👍,2
post,2279888954,190,👍,4
post,2279888954,190,❤,3
post,2279888954,190,🔥,1
post,2279888954,191,👍,5
post,2279888954,191,❤,1
post,2279888954,192,❤,2
post,2279888954,192,👍,2
post,2279888954,193,🔥,4
post,2279888954,193,❤,1
post,2279888954,194,❤,2
post,2279888954,194,👍,2
post,2279888954,195,❤,2
post,2279888954,195,👍,2
post,2279888954,195,😱,1
post,2279888954,196,🔥,5
post,2279888954,196,❤,1
post,2279888954,197,🔥,3
post,2279888954,197,❤,1
post,2279888954,198,❤,5
post,2279888954,199,🔥,3
post,2279888954,199,❤,2
post,2279888954,199,👍,2
post,2279888954,200,🔥,5
post,2279888954,200,❤,2
post,2279888954,201,🔥,6
post,2279888954,201,❤,2
post,2279888954,203,👍,7
post,2279888954,203,❤,5
post,2279888954,203,🔥,1
post,2279888954,204,❤,5
post,2279888954,204,👍,2
post,2279888954,205,❤,4
post,2279888954,205,🔥,3
post,2279888954,206,❤,4
post,2279888954,206,👍,2
post,2279888954,206,🔥,1
post,2279888954,207,🔥,4
post,1500038483,6,👍,6
post,1500038483,6,❤,1
post,1500038483,8,👍,3
post,1500038483,8,❤,1
post,1500038483,8,😁,1
post,1500038483,11,👍,2
post,1500038483,12,👍,4
post,1500038483,14,👍,2
post,1500038483,15,👍,1
post,1500038483,16,👍,1
post,1500038483,17,👍,8
post,1500038483,17,❤,1
post,1500038483,21,😁,1
post,1500038483,23,👍,7
post,1500038483,23,❤,1
post,1500038483,24,❤,5
post,1500038483,24,👍,4
post,1500038483,25,👍,3
post,1500038483,25,👏,1
post,1500038483,26,👍,3
post,1500038483,28,👍,2
comment,1500038483,29,👍,5
comment,1500038483,29,👏,1
post,1500038483,30,👍,6
post,1500038483,34,👍,2
post,1500038483,35,👏,2
post,1500038483,35,👍,1
post,1500038483,37,👍,1
post,1500038483,39,👍,1
post,1500038483,40,👏,6
post,1500038483,40,❤,5
post,1500038483,40,🥰,1
post,1500038483,41,👏,5
post,1500038483,41,👍,2
post,1500038483,41,❤,1
post,1500038483,43,👍,1
post,1500038483,44,👍,1
post,1500038483,45,👍,2
post,1500038483,45,❤,1
post,1500038483,48,👍,4
post,1500038483,48,😱,2
post,1500038483,48,🔥,1
post,1500038483,49,👍,2
post,1500038483,50,👍,16
post,1500038483,50,👏,1
post,1500038483,52,👍,4
post,1500038483,53,❤,1
post,1500038483,53,🔥,1
post,1500038483,56,👍,1
post,1500038483,57,👍,7
post,1500038483,58,❤,1
post,1500038483,59,👍,4
post,1500038483,60,🔥,3
post,1500038483,61,👍,1
post,1500038483,63,👍,5
post,1500038483,64,👍,4
post,1500038483,65,👍,7
post,1500038483,65,😢,1
post,1500038483,66,👍,1
post,1500038483,67,👍,2
post,1500038483,68,🔥,11
post,1500038483,68,👍,3
post,1500038483,68,👏,3
post,1500038483,71,👍,6
post,1500038483,71,😁,1
post,1500038483,72,🔥,3
post,1500038483,72,👍,1
post,1500038483,74,👍,2
post,1500038483,75,👍,2
post,1500038483,76,👍,4
post,1500038483,76,🔥,2
post,1500038483,76,😁,2
post,1500038483,76,❤,1
post,1500038483,77,👍,1
post,1500038483,78,👍,3
post,1500038483,79,👍,1
post,1500038483,80,❤,4
post,1500038483,81,👍,2
post,1500038483,82,👍,1
post,1500038483,83,👍,7
post,1500038483,83,❤,1
post,1500038483,84,👍,8
post,1500038483,84,👏,1
post,1500038483,85,👍,9
post,1500038483,85,👏,5
post,1500038483,85,❤,3
post,1500038483,85,🤩,2
post,1500038483,85,🤔,1
post,1500038483,92,👍,5
comment,1500038483,93,👍,4
post,1500038483,95,❤,1
post,1500038483,95,👍,1
post,1500038483,96,👍,1
post,1500038483,98,👍,7
post,1500038483,98,❤,1
post,1500038483,98,😁,1
post,1500038483,103,👍,4
post,1500038483,103,❤,1
post,1500038483,106,👍,8
post,1500038483,107,👍,7
post,1500038483,108,👍,3
post,1500038483,108,❤,1
post,1500038483,110,👍,1
post,1500038483,111,👍,3
post,1500038483,112,👍,4
post,1500038483,113,❤,2
post,1500038483,113,👍,1
post,1500038483,114,👍,3
post,1500038483,114,👏,1
post,1500038483,115,👍,12
post,1500038483,115,❤,1
post,1500038483,117,👍,2
post,1500038483,118,👍,8
post,1500038483,119,👍,4
post,1500038483,119,🥰,2
post,1500038483,120,👍,16
post,1500038483,120,🥰,3
post,1500038483,120,❤,2
post,1500038483,121,❤,19
post,1500038483,121,👍,3
post,1500038483,122,👍,2
post,1500038483,122,❤,1
post,1500038483,123,👍,2
post,1500038483,125,👍,11
post,1500038483,125,❤,1
post,1500038483,125,😁,1
post,1500038483,127,👍,1
post,1500038483,128,👍,4
post,1500038483,129,👍,7
post,1500038483,131,👍,4
post,1500038483,131,❤,2
post,1500038483,131,😁,1
post,1500038483,132,🤝,6
post,1500038483,132,👍,1
post,1500038483,134,👍,11
post,1500038483,134,❤,1
post,1500038483,134,👏,1
post,1500038483,134,🤝,1
post,1500038483,135,👏,8
post,1500038483,135,👍,7
post,1500038483,135,🔥,2
post,1500038483,138,❤,2
post,1500038483,138,👍,1
post,1500038483,139,👍,1
post,1500038483,140,👍,9
post,1500038483,140,❤,1
post,1500038483,142,👏,3
post,1500038483,143,👍,4
post,1500038483,144,👍,1
post,1500038483,145,👍,14
post,1500038483,146,👍,7
post,1500038483,147,🔥,2
post,1500038483,147,🥰,1
post,1500038483,148,👍,2
post,1500038483,148,❤,1
post,1500038483,150,👍,11
post,1500038483,150,😁,3
post,1500038483,150,❤,2
post,1500038483,150,🤔,2
post,1500038483,152,👏,10
post,1500038483,157,❤,3
post,1500038483,157,🔥,2
post,1500038483,157,🤔,2
post,1500038483,159,🙏,3
post,1500038483,159,👍,2
post,1500038483,160,👍,11
post,1500038483,160,❤,3
post,1500038483,160,👏,2
post,1500038483,162,👍,12
post,1500038483,162,🤓,2
post,1500038483,163,👍,8
post,1500038483,163,❤,3
post,1500038483,164,👍,15
post,1500038483,164,❤,2
post,1500038483,164,🔥,1
post,1500038483,165,👍,11
post,1500038483,165,👏,2
post,1500038483,166,👍,4
post,1500038483,167,👍,2
post,1500038483,167,❤,1
post,1500038483,168,❤,11
post,1500038483,168,👍,10
post,1500038483,169,👍,12
post,1500038483,169,🥰,1
post,1500038483,171,👍,13
post,1500038483,171,❤,4
post,1500038483,172,👏,3
post,1500038483,174,👍,5
post,1500038483,175,👍,6
post,1500038483,176,👍,1
post,1500038483,177,👍,13
post,1500038483,177,👏,4
post,1500038483,177,❤,2
post,1500038483,177,🥰,2
post,1500038483,182,👍,8
post,1500038483,182,❤,5
post,1500038483,182,👏,2
post,1500038483,189,👍,7
post,1500038483,190,👍,17
post,1500038483,190,❤,5
post,1500038483,190,👏,4
post,1500038483,190,🥰,2
post,1500038483,190,🤗,2
post,1500038483,190,🙏,1
post,1500038483,191,👍,22
post,1500038483,191,❤,10
post,1500038483,191,👏,5
post,1500038483,191,🤩,2
post,1500038483,191,🏆,2
post,1500038483,192,👍,14
post,1500038483,192,❤,2
post,1500038483,192,👏,2
post,1500038483,196,👍,17
post,1500038483,196,👏,7
post,1500038483,196,🤩,1
post,1500038483,197,👍,11
post,1500038483,197,🔥,1
post,1500038483,197,👏,1
post,1500038483,198,👍,10
post,1500038483,198,🔥,1
post,1500038483,198,👏,1
post,1500038483,198,👌,1
post,1500038483,199,👍,21
post,1500038483,199,👏,4
post,1500038483,199,❤,1
post,1500038483,199,🎉,1
post,1500038483,199,🤗,1
post,1500038483,200,👍,3
post,1500038483,201,👍,9
post,1500038483,201,❤,1
post,1500038483,202,👍,26
post,1500038483,202,❤,1
post,1500038483,202,🥰,1
post,1500038483,202,👏,1
post,1500038483,203,👍,17
post,1500038483,203,❤,2
post,1500038483,203,👏,2
post,1500038483,205,❤,9
post,1500038483,205,👍,3
post,1710558317,3,👍,5
post,1710558317,10,👍,6
post,1710558317,23,👏,5
post,1710558317,42,🤩,6
post,1710558317,42,👍,4
post,1710558317,59,👍,4
post,1710558317,67,👍,6
post,1710558317,68,🤩,3
post,1710558317,69,👍,4
post,1710558317,69,❤,1
post,1710558317,78,👍,8
post,1710558317,84,👍,9
post,1710558317,90,👍,4
post,1710558317,96,👍,14
post,1710558317,98,👍,16
post,1710558317,99,👍,16
post,1710558317,101,👍,13
post,1710558317,101,👏,4
post,1710558317,109,👍,16
post,1710558317,109,❤,1
post,1710558317,110,👍,16
post,1710558317,117,👍,15
post,1710558317,118,👍,12
post,1710558317,119,👍,26
post,1710558317,119,🔥,1
post,1710558317,128,👍,12
post,1710558317,136,👍,10
post,1710558317,138,👍,3
post,1710558317,139,👍,9
post,1710558317,139,🤩,1
post,1710558317,149,👍,11
post,1710558317,152,👍,3
post,1710558317,153,👍,9
post,1710558317,153,🔥,2
post,1710558317,153,🤩,2
post,1710558317,163,👏,4
post,1710558317,163,👍,2
post,1710558317,163,🥰,2
post,1710558317,163,🔥,1
post,1710558317,164,👍,3
post,1710558317,165,👍,12
post,1710558317,165,❤,9
post,1710558317,168,👍,15
post,1710558317,170,👍,15
post,1710558317,182,👍,13
post,1710558317,185,👍,10
post,1710558317,200,👍,17
post,1710558317,205,👍,5
post,1710558317,206,👍,13
post,1710558317,206,🥰,1
post,1710558317,209,👍,15
post,1710558317,212,👍,7
post,1710558317,213,👍,6
post,1710558317,214,👍,9
post,1710558317,216,👍,8
post,1710558317,217,👍,18
post,1710558317,223,👍,15
post,1710558317,225,👍,4
post,1710558317,226,👍,18
post,1710558317,240,👍,13
post,1710558317,246,👍,22
post,1710558317,256,👍,14
post,1710558317,257,👍,17
post,1710558317,264,❤,12
post,1710558317,265,👍,22
post,1710558317,266,👍,6
post,1710558317,269,👍,35
post,3507772018,3,❤,15
post,3507772018,3,👍,9
post,3507772018,4,❤,13
post,3507772018,4,🔥,9
post,3507772018,4,👍,1
post,3507772018,5,❤,17
post,3507772018,6,❤,1
post,3507772018,7,❤,12
post,3507772018,7,👍,6
post,3507772018,7,👏,1
post,3507772018,8,❤,1
post,3507772018,11,❤,22
post,3507772018,11,👍,1
post,3507772018,12,❤,12
post,3507772018,12,🔥,6
post,3507772018,14,👍,15
post,3507772018,14,❤,8
post,3507772018,14,😍,2
post,3507772018,15,❤,30
post,3507772018,22,❤,23
post,3507772018,22,🔥,11
post,3507772018,22,👍,6
post,3507772018,22,🥰,1
post,3507772018,23,❤,49
post,3507772018,23,👍,26
post,3507772018,23,👏,3
post,3507772018,23,😍,2
post,3507772018,23,🐳,1
post,3507772018,24,❤,2
post,3507772018,25,❤,34
post,3507772018,25,👍,9
post,3507772018,25,🔥,3
post,3507772018,26,🔥,36
post,3507772018,26,❤,11
post,3507772018,26,👍,6
post,3507772018,27,❤,33
post,3507772018,27,👍,13
post,3507772018,27,🙏,5
post,3507772018,28,❤,23
post,3507772018,28,👍,15
post,3507772018,28,😍,3
post,3507772018,29,❤,17
post,3507772018,29,👍,10
post,3507772018,29,😍,1
post,3507772018,31,❤,66
post,3507772018,31,🎉,17
post,3507772018,31,👍,7
post,3507772018,31,🔥,4
post,3507772018,32,❤,31
post,3507772018,32,👍,17
post,3507772018,32,🙏,6
post,3507772018,32,🔥,4
post,3507772018,33,❤,20
post,3507772018,33,🙏,9
post,3507772018,33,😍,3
post,3507772018,34,❤,29
post,3507772018,34,👍,13
post,3507772018,34,🤔,3
post,3507772018,34,🙏,1
post,3507772018,35,❤,45
post,3507772018,35,👍,6
post,3507772018,35,🔥,5
post,3507772018,36,👍,24
post,3507772018,36,❤,19
post,3507772018,36,🔥,9
post,3507772018,36,😍,2
post,3507772018,39,❤,25
post,3507772018,39,🔥,15
post,3507772018,41,🔥,29
post,3507772018,41,❤,17
post,3507772018,41,👍,6
post,3507772018,42,❤,7
post,3507772018,42,👍,4
post,3507772018,42,🙏,1
post,3507772018,43,🔥,17
post,3507772018,43,❤,12
post,3507772018,43,👍,3
post,2421117823,370,❤,62
post,2421117823,370,🔥,7
post,2421117823,371,❤,383
post,2421117823,371,❤‍🔥,39
post,2421117823,371,🔥,37
post,2421117823,372,❤,59
post,2421117823,372,🔥,12
post,2421117823,373,❤,326
post,2421117823,373,🥰,13
post,2421117823,375,❤,200
post,2421117823,375,🥰,12
post,2421117823,375,👍,5
post,2421117823,376,❤,55
post,2421117823,376,💯,2
post,2421117823,377,❤,33
post,2421117823,377,🔥,8
post,2421117823,378,❤,38
post,2421117823,378,🔥,6
post,2421117823,378,👍,5
post,2421117823,379,❤,30
post,2421117823,379,🔥,11
post,2421117823,380,❤,101
post,2421117823,380,🙏,62
post,2421117823,380,👍,11
post,2421117823,381,❤,29
post,2421117823,382,❤,37
post,2421117823,382,🔥,34
post,2421117823,382,👍,8
post,2421117823,383,❤,58
post,2421117823,383,💅,7
post,2421117823,383,🍌,4
post,2421117823,384,❤,302
post,2421117823,384,💯,138
post,2421117823,384,🔥,57
post,2421117823,384,💋,24
post,2421117823,384,👍,16
post,2421117823,384,🥰,10
post,2421117823,388,❤,379
post,2421117823,388,🔥,245
post,2421117823,388,🏆,55
post,2421117823,388,🤩,27
post,2421117823,388,👍,11
post,2421117823,388,😎,8
post,2421117823,388,❤‍🔥,3
post,2421117823,390,❤,256
post,2421117823,390,🔥,109
post,2421117823,390,👍,42
post,2421117823,391,🔥,164
post,2421117823,391,❤,140
post,2421117823,391,🙏,40
post,2421117823,391,👍,11
post,2421117823,391,🥰,3
post,2421117823,391,🤔,1
post,2421117823,393,❤,162
post,2421117823,393,🔥,105
post,2421117823,393,❤‍🔥,24
post,2421117823,393,😍,13
post,2421117823,401,❤,109
post,2421117823,401,🔥,57
post,2421117823,401,💯,43
post,2421117823,401,🎉,5
post,2421117823,402,❤,170
post,2421117823,402,💯,68
post,2421117823,402,🔥,55
post,2421117823,402,😍,18
post,2421117823,402,🦄,7
post,2421117823,402,🙏,6
post,2421117823,402,💔,2
post,2421117823,403,❤,70
post,2421117823,403,🎉,51
post,2421117823,403,👏,17
post,2421117823,403,🙏,9
post,2421117823,403,👍,1
post,2421117823,404,🔥,41
post,2421117823,404,❤,29
post,2421117823,404,❤‍🔥,17
post,2421117823,404,🥰,1
post,2421117823,405,❤‍🔥,67
post,2421117823,405,❤,15
post,2421117823,406,❤,56
post,2421117823,406,👍,22
post,2421117823,406,🔥,15
post,2421117823,409,❤,109
post,2421117823,409,🔥,47
post,2421117823,409,🙏,25
post,2421117823,410,❤,145
post,2421117823,410,🔥,109
post,2421117823,410,❤‍🔥,36
post,2421117823,410,🥰,3
post,2421117823,411,🔥,101
post,2421117823,411,❤,73
post,2421117823,411,👏,29
post,2421117823,415,❤,18
post,2421117823,416,❤,99
post,2421117823,416,👍,14
post,2421117823,416,🥰,4
post,2421117823,416,🔥,1
post,2421117823,417,🔥,102
post,2421117823,417,❤,78
post,2421117823,417,👏,18
post,2421117823,417,👍,1
post,2421117823,418,❤,99
post,2421117823,418,🥰,21
post,2421117823,418,👍,19
post,2421117823,419,❤,85
post,2421117823,419,👏,11
post,2421117823,420,❤,42
post,2421117823,420,🔥,28
post,2421117823,421,❤,94
post,2421117823,421,🔥,26
post,2421117823,421,🥰,5
post,2421117823,431,❤,129
post,2421117823,431,🔥,75
post,2421117823,431,🥰,15
post,2421117823,431,👍,9
post,2421117823,441,🔥,62
post,2421117823,441,❤,47
post,2421117823,441,👍,19
post,2421117823,441,🥰,3
post,2421117823,441,⚡,2
post,2421117823,442,❤,87
post,2421117823,442,🔥,47
post,2421117823,442,👍,25
post,2421117823,442,😁,5
post,2421117823,443,❤,64
post,2421117823,443,❤‍🔥,23
post,2421117823,443,🤝,5
post,2421117823,444,❤,88
post,2421117823,444,🔥,68
post,2421117823,444,😍,14
post,2421117823,444,❤‍🔥,10
post,2421117823,451,❤,54
post,2421117823,451,🔥,22
post,2421117823,451,🥰,4
post,2421117823,453,🔥,79
post,2421117823,453,❤,60
post,2421117823,453,👍,22
post,2421117823,453,👏,3
post,2421117823,458,❤,70
post,2421117823,458,🔥,36
post,2421117823,458,👍,12
post,2421117823,458,🙏,4
post,2421117823,460,❤,50
post,2421117823,460,🔥,3
post,2421117823,462,❤,90
post,2421117823,462,❤‍🔥,37
post,2421117823,462,🔥,27
post,2421117823,462,🥰,9
post,2421117823,464,❤,162
post,2421117823,464,👍,35
post,2421117823,464,🥰,31
post,2421117823,464,🙏,18
post,2421117823,464,🔥,6
post,2421117823,472,🔥,137
post,2421117823,472,❤,75
post,2421117823,472,👏,19
post,2421117823,479,❤,90
post,2421117823,479,👍,39
post,2421117823,479,🙏,20
post,2421117823,479,🤝,2
post,2421117823,480,❤,204
post,2421117823,480,👍,38
post,2421117823,480,😁,37
post,2421117823,480,🙏,15
post,2421117823,480,💯,10
post,2421117823,480,🔥,8
post,2421117823,489,❤,84
post,2421117823,489,🙏,33
post,2421117823,489,🔥,27
post,2421117823,489,😢,6
post,2421117823,491,🔥,133
post,2421117823,491,❤,112
post,2421117823,491,🙏,28
post,2421117823,491,🤗,3
post,2421117823,492,❤,82
post,2421117823,492,🔥,16
post,2421117823,492,🙏,16
post,2421117823,494,❤,81
post,2421117823,494,🔥,57
post,2421117823,494,🙏,24
post,2421117823,494,💯,3
post,2421117823,494,✍,1
post,2421117823,495,❤,161
post,2421117823,495,🙏,39
post,2421117823,495,❤‍🔥,15
post,2421117823,495,🔥,10
post,2421117823,495,👍,7
post,2421117823,495,🥰,3
post,2421117823,496,❤,172
post,2421117823,496,🙏,49
post,2421117823,496,👍,37
post,2421117823,496,👌,7
post,2421117823,496,🔥,3
post,2421117823,506,❤,129
post,2421117823,506,👍,36
post,2421117823,506,🔥,36
post,2421117823,506,🆒,6
post,2421117823,506,🥰,5
post,2421117823,506,🙏,2
post,2421117823,507,❤,118
post,2421117823,507,🔥,75
post,2421117823,507,🙏,31
post,2421117823,507,👍,9
post,2421117823,507,❤‍🔥,3
post,2421117823,508,❤,169
post,2421117823,508,🔥,55
post,2421117823,508,👏,2
post,2421117823,509,🔥,99
post,2421117823,509,❤,73
post,2421117823,509,🤩,19
post,2421117823,509,❤‍🔥,11
post,2421117823,509,⚡,5
post,2421117823,514,❤,146
post,2421117823,514,🔥,48
post,2421117823,514,❤‍🔥,23
post,2421117823,515,❤,102
post,2421117823,515,🔥,62
post,2421117823,515,👏,1
post,2421117823,518,❤,77
post,2421117823,518,🔥,35
post,2421117823,518,👍,21
post,2421117823,518,🙏,7
post,2421117823,519,❤,128
post,2421117823,519,🔥,103
post,2421117823,519,🙏,14
post,2421117823,519,👍,7
post,2421117823,520,❤,303
post,2421117823,520,🙏,111
post,2421117823,520,👍,42
post,2421117823,520,🔥,40
post,2421117823,520,🕊,9
post,2421117823,520,🎉,4
post,2421117823,520,🦄,4
post,2421117823,520,❤‍🔥,2
post,2421117823,521,🔥,135
post,2421117823,521,😁,99
post,2421117823,521,❤,53
post,2421117823,521,💯,6
post,2421117823,521,🤣,4
post,2421117823,522,❤,209
post,2421117823,522,🙏,59
post,2421117823,522,🔥,26
post,2421117823,522,🤩,11
post,2421117823,522,🥰,6
post,2421117823,522,👍,4
post,2421117823,523,❤,67
post,2421117823,523,👍,9
post,2421117823,524,❤,44
post,2421117823,524,🔥,8
post,2421117823,524,👍,4
post,2421117823,524,🥰,3
post,2421117823,526,❤,131
post,2421117823,526,🙏,68
post,2421117823,526,👍,17
post,2421117823,526,🔥,16
post,2421117823,526,✍,3
post,2421117823,526,😍,2
post,2421117823,526,💋,2
post,2421117823,527,❤,93
post,2421117823,527,🔥,36
post,2421117823,527,👍,24
post,2421117823,527,🙏,9
post,2421117823,527,💯,2
post,2421117823,536,❤,163
post,2421117823,536,🔥,50
post,2421117823,536,🕊,23
post,2421117823,537,🔥,57
post,2421117823,537,💯,32
post,2421117823,537,❤,24
post,2421117823,537,🥰,6
post,2421117823,538,❤,87
post,2421117823,538,🔥,47
post,2421117823,538,👍,20
post,2421117823,538,🙏,12
post,2421117823,547,❤,120
post,2421117823,547,🔥,42
post,2421117823,547,🥰,23
post,2421117823,547,👍,7
post,2421117823,548,❤,96
post,2421117823,548,🔥,39
post,2421117823,548,🙏,21
post,2421117823,553,❤,122
post,2421117823,553,💯,30
post,2421117823,553,🙏,21
post,2421117823,553,🔥,16
post,2421117823,553,⚡,4
post,2421117823,553,👍,1
post,2421117823,554,🔥,57
post,2421117823,554,❤,33
post,2421117823,554,🙏,29
post,2421117823,555,❤,169
post,2421117823,555,🔥,52
post,2421117823,555,👍,28
post,2421117823,555,🙏,17
post,2421117823,555,❤‍🔥,2
post,2421117823,556,❤,75
post,2421117823,556,👍,19
post,2421117823,557,❤,127
post,2421117823,557,🔥,34
post,2421117823,557,🙏,21
post,2421117823,557,👏,1
post,2421117823,557,😍,1
post,2421117823,560,❤,148
post,2421117823,560,🔥,60
post,2421117823,560,🥰,16
post,2421117823,560,😁,2
post,2421117823,561,❤,100
post,2421117823,561,🙏,20
post,2421117823,561,🔥,15
post,2421117823,562,❤,178
post,2421117823,562,🔥,50
post,2421117823,562,🥰,19
post,2421117823,562,👏,6
post,2421117823,563,🔥,58
post,2421117823,563,❤,39
post,2421117823,563,🙏,10
post,2421117823,568,❤,137
post,2421117823,568,❤‍🔥,54
post,2421117823,568,🔥,31
post,2421117823,568,🙏,26
post,2421117823,568,👍,2
post,2421117823,569,❤,30
post,2421117823,569,❤‍🔥,14
post,2421117823,569,👍,13
post,2421117823,569,🥰,3
post,2421117823,575,❤,116
post,2421117823,575,🔥,64
post,2421117823,575,👍,21
post,2421117823,575,🤝,8
post,2421117823,576,❤,111
post,2421117823,576,🙏,31
post,2421117823,576,🔥,19
post,2421117823,576,🥰,2
post,2421117823,577,❤,60
post,2421117823,577,👍,12
post,2421117823,577,🙏,7
post,2421117823,577,🔥,3
post,1735952236,20,👍,40
post,1735952236,20,❤,27
post,1735952236,23,❤,47
post,1735952236,23,👍,21
post,1735952236,23,🤩,6
post,1735952236,23,🔥,4
post,1735952236,23,🎉,2
post,1735952236,24,❤,34
post,1735952236,24,👍,21
post,1735952236,24,🤔,2
post,1735952236,24,🎉,1
post,1735952236,25,👍,43
post,1735952236,25,❤,35
post,1735952236,25,👏,6
post,1735952236,25,😁,1
post,1735952236,26,👍,72
post,1735952236,26,❤,11
post,1735952236,26,🔥,4
post,1735952236,26,🥰,4
post,1735952236,28,👍,59
post,1735952236,29,👍,63
post,1735952236,29,🎉,2
post,1735952236,30,❤,28
post,1735952236,30,👍,25
post,1735952236,30,🔥,9
post,1735952236,30,👏,8
post,1735952236,31,👍,42
post,1735952236,31,👏,12
post,1735952236,32,👍,49
post,1735952236,32,❤,13
post,1735952236,33,👍,74
post,1735952236,33,❤,17
post,1735952236,33,👏,7
post,1735952236,34,👍,67
post,1735952236,34,🔥,8
post,1735952236,34,🎉,1
post,1735952236,35,👍,62
post,1735952236,35,❤,14
post,1735952236,37,👍,98
post,1735952236,37,❤,10
post,1735952236,37,🔥,3
post,1735952236,38,👍,82
post,1735952236,38,🔥,11
post,1735952236,38,❤,8
post,1735952236,38,👏,6
post,1735952236,39,👍,88
post,1735952236,39,🔥,10
post,1735952236,42,👍,73
post,1735952236,42,❤,3
post,1735952236,43,👍,87
post,1735952236,43,🔥,11
post,1735952236,43,❤,3
post,1735952236,44,👍,92
post,1735952236,44,🔥,7
post,1735952236,45,👍,78
post,1735952236,45,❤,7
post,1735952236,45,🔥,5
post,1735952236,45,😁,2
post,1735952236,46,👍,88
post,1735952236,46,🔥,9
post,1735952236,47,👍,84
post,1735952236,47,🥰,10
post,1735952236,48,👍,84
post,1735952236,48,❤,7
post,1735952236,48,🥰,7
post,1735952236,49,❤,48
post,1735952236,49,👍,36
post,1735952236,49,👏,8
post,1735952236,49,🔥,7
post,1735952236,49,🎉,1
post,1735952236,50,👍,101
post,1735952236,50,❤,10
post,1735952236,53,👍,76
post,1735952236,53,🔥,6
post,1735952236,53,😁,4
post,1735952236,53,❤,2
post,1735952236,54,👍,91
post,1735952236,54,❤,7
post,1735952236,54,😁,1
post,1735952236,55,👍,87
post,1735952236,55,🔥,6
post,1735952236,55,👏,5
post,1735952236,56,👍,91
post,1735952236,56,👏,6
post,1735952236,57,👍,84
post,1735952236,57,👏,4
post,1735952236,58,👍,82
post,1735952236,58,👏,10
post,1735952236,59,❤,50
post,1735952236,59,👍,28
post,1735952236,60,👍,84
post,1735952236,60,👏,9
post,1735952236,60,🔥,3
post,1735952236,61,👍,77
post,1735952236,61,❤,5
post,1735952236,61,🔥,3
post,1735952236,62,👍,92
post,1735952236,62,❤,11
post,1735952236,63,👍,98
post,1735952236,63,🔥,7
post,1735952236,63,👏,4
post,1735952236,63,🤩,4
post,1735952236,64,👍,76
post,1735952236,64,👏,3
post,1735952236,64,🔥,2
post,1735952236,64,❤,1
post,1735952236,65,👍,88
post,1735952236,65,👏,5
post,1735952236,65,🔥,3
post,1735952236,68,👍,75
post,1735952236,68,❤,4
post,1735952236,68,👏,3
post,1735952236,71,👍,80
post,1735952236,71,👏,5
post,1735952236,72,👍,111
post,1735952236,72,👏,15
post,1735952236,72,🔥,3
post,1735952236,73,👍,87
post,1735952236,73,👏,9
post,1735952236,73,🔥,2
post,1735952236,73,❤,1
post,1735952236,73,👎,1
post,1735952236,74,👍,86
post,1735952236,74,👏,6
post,1735952236,74,❤,4
post,1735952236,74,🔥,4
post,1735952236,74,🥰,2
post,1735952236,75,👍,118
post,1735952236,75,👏,12
post,1735952236,75,❤,5
post,1735952236,75,🔥,2
post,1735952236,76,👍,31
post,1735952236,77,👍,79
post,1735952236,77,❤,9
post,1735952236,77,👏,5
post,1735952236,78,👍,80
post,1735952236,79,👍,78
post,1735952236,79,🔥,6
post,1735952236,79,🤩,4
post,1735952236,80,👍,87
post,1735952236,80,🔥,4
post,1735952236,81,👍,108
post,1735952236,81,❤,25
post,1735952236,81,🔥,3
post,1735952236,81,👏,3
post,1735952236,82,👍,89
post,1735952236,82,🔥,7
post,1735952236,82,🥰,3
post,1735952236,83,❤,83
post,1735952236,83,👍,46
post,1735952236,83,👏,16
post,1735952236,86,👍,72
post,1735952236,86,🔥,4
post,1735952236,90,👍,73
post,1735952236,90,🔥,7
post,1735952236,90,🤔,2
post,1735952236,91,👍,66
post,1735952236,91,🥰,4
post,1735952236,91,👏,4
post,1735952236,92,👍,78
post,1735952236,92,❤,9
post,1735952236,92,🔥,3
post,1735952236,93,👍,65
post,1735952236,98,👍,83
post,1735952236,98,👏,12
post,1735952236,99,👍,74
post,1735952236,100,👍,73
post,1735952236,100,🔥,2
post,1735952236,100,👏,2
post,1735952236,100,❤,1
post,1735952236,100,🤔,1
post,1735952236,101,👍,135
post,1735952236,101,🔥,8
post,1735952236,102,👍,97
post,1735952236,106,👍,95
post,1735952236,106,❤,9
post,1735952236,106,🔥,5
post,1735952236,107,👍,67
post,1735952236,107,🥰,2
post,1735952236,107,👏,2
post,1735952236,108,👍,40
post,1735952236,108,❤,13
post,1735952236,109,👍,87
post,1735952236,109,👏,2
post,1735952236,110,👍,60
post,1735952236,110,❤,6
post,1735952236,111,👍,91
post,1735952236,111,❤,20
post,1735952236,112,👍,113
post,1735952236,112,❤,28
post,1735952236,112,🔥,3
post,1735952236,113,👍,77
post,1735952236,114,👍,76
post,1735952236,114,👏,11
post,1735952236,114,❤,2
post,1735952236,120,👍,57
post,1735952236,120,❤,4
post,1735952236,121,👍,70
post,1735952236,121,🔥,5
post,1735952236,122,👍,56
post,1735952236,122,❤,4
post,1735952236,123,👍,87
post,1735952236,123,❤,1
post,1735952236,124,👍,89
post,1735952236,124,🎉,7
post,1735952236,128,👍,54
post,1735952236,128,🎉,40
post,1735952236,128,❤,9
post,1735952236,131,👍,85
post,1735952236,131,🔥,7
post,1735952236,131,🤩,1
post,1735952236,132,👍,100
post,1735952236,132,❤,15
post,1735952236,133,👍,94
post,1735952236,133,❤,11
post,1735952236,133,🔥,5
post,1735952236,133,🎉,4
post,1735952236,133,👏,2
post,1735952236,134,👍,92
post,1735952236,135,👍,80
post,1735952236,135,🔥,3
post,1735952236,135,🤔,1
post,1735952236,136,👍,78
post,1735952236,136,👏,8
post,1735952236,137,👍,70
post,1735952236,137,❤,5
post,1735952236,138,👍,51
post,1735952236,139,👍,74
post,1735952236,140,👍,74
post,1735952236,140,❤,10
post,1735952236,140,🎉,7
post,1735952236,141,👍,84
post,1735952236,141,❤,14
post,1735952236,146,👍,128
post,1735952236,146,🔥,19
post,1735952236,146,❤,12
post,1735952236,146,👏,12
post,1735952236,147,❤,72
post,1735952236,147,👍,54
post,1735952236,147,🔥,9
post,1735952236,157,👍,74
post,1735952236,158,👍,69
post,1735952236,158,❤,9
post,1735952236,158,👏,3
post,1735952236,159,👍,70
post,1735952236,159,❤,4
post,1735952236,159,👏,4
post,1735952236,160,👍,60
post,1735952236,160,👏,3
post,1735952236,160,❤,2
post,1735952236,161,❤,65
post,1735952236,161,👍,47
post,1735952236,162,👍,71
post,1735952236,162,❤,10
post,1735952236,163,👍,71
post,1735952236,163,❤,9
post,1735952236,164,👍,81
post,1735952236,165,👍,64
post,1735952236,165,🔥,9
post,1735952236,166,👍,79
post,1735952236,166,🔥,15
post,1735952236,170,👍,70
post,1735952236,170,❤,3
post,1735952236,170,🤩,2
post,1735952236,170,🔥,1
post,1735952236,173,👍,85
post,1735952236,173,🔥,12
post,1735952236,175,👍,89
post,1735952236,175,❤,10
post,1735952236,175,🥰,6
post,1735952236,176,👍,90
post,1735952236,176,❤,2
post,1735952236,176,👎,2
post,1735952236,176,🤔,2
post,1735952236,177,👍,64
post,1735952236,177,❤,4
post,1735952236,177,👎,4
post,1735952236,177,🔥,3
post,1735952236,178,👍,99
post,1735952236,178,🎉,5
post,1735952236,178,👏,3
post,1735952236,179,👍,82
post,1735952236,179,🥰,6
post,1735952236,180,👍,70
post,1735952236,181,👍,78
post,1735952236,181,👏,7
post,1735952236,181,❤,3
post,1735952236,183,👍,63
post,1735952236,183,🔥,5
post,1735952236,183,❤,3
post,1735952236,184,👍,57
post,1735952236,184,🔥,8
post,1735952236,184,❤,2
post,1735952236,185,👍,63
post,1735952236,186,👍,88
post,1735952236,186,👏,9
post,1735952236,186,🔥,7
post,1735952236,186,🎉,1
post,1735952236,192,👍,89
post,1735952236,192,❤,11
post,1735952236,192,🎉,6
post,1735952236,193,👍,61
post,1735952236,193,❤,14
post,1735952236,194,👍,75
post,1735952236,194,❤,10
post,1735952236,194,🔥,5
post,1735952236,195,👍,83
post,1735952236,196,❤,48
post,1735952236,196,👍,36
post,1735952236,197,👍,70
post,1735952236,197,❤,7
post,1735952236,197,🔥,1
post,1735952236,198,👏,63
post,1735952236,198,👍,24
post,1735952236,199,👍,89
post,1735952236,199,❤,4
post,1735952236,199,👏,4
post,1735952236,200,👍,82
post,1735952236,200,❤,10
post,1735952236,201,👍,129
post,1735952236,201,🔥,7
post,1735952236,202,👍,64
post,1735952236,202,❤,9
post,1735952236,203,👍,68
post,1735952236,203,❤,4
post,1735952236,206,👍,145
post,1735952236,206,🔥,17
post,1735952236,206,❤,15
post,1735952236,207,👍,123
post,1735952236,207,❤,17
post,1735952236,207,🔥,13
post,1735952236,207,👏,8
post,1735952236,207,🎉,2
post,1735952236,218,👍,87
post,1735952236,218,❤,8
post,1735952236,219,👍,87
post,1735952236,220,🔥,51
post,1735952236,220,👍,29
post,1735952236,220,❤,6
post,1735952236,221,👍,46
post,1735952236,221,🔥,7
post,1735952236,221,👏,3
post,1735952236,222,👍,62
post,1735952236,222,🔥,8
post,2381061422,5,🔥,131
post,2381061422,5,❤,42
post,2381061422,5,❤‍🔥,18
post,2381061422,5,👍,1
post,2381061422,7,🔥,167
post,2381061422,7,❤,63
post,2381061422,7,👍,22
post,2381061422,7,💯,11
post,2381061422,7,❤‍🔥,2
post,2381061422,11,🔥,72
post,2381061422,11,❤,39
post,2381061422,11,🥰,8
post,2381061422,11,👍,4
post,2381061422,13,😱,67
post,2381061422,13,👍,40
post,2381061422,13,🙈,23
post,2381061422,13,🤣,17
post,2381061422,13,🔥,11
post,2381061422,13,👀,3
post,2381061422,13,🙉,3
post,2381061422,17,❤,152
post,2381061422,17,🔥,22
post,2381061422,17,❤‍🔥,11
post,2381061422,17,⚡,1
post,2381061422,19,❤,82
post,2381061422,19,🔥,18
post,2381061422,19,👏,6
post,2381061422,19,❤‍🔥,2
post,2381061422,20,❤,167
post,2381061422,20,🔥,51
post,2381061422,20,👍,9
post,2381061422,20,🥰,9
post,2381061422,20,❤‍🔥,4
post,2381061422,22,🔥,71
post,2381061422,22,❤‍🔥,22
post,2381061422,22,❤,13
post,2381061422,23,❤,87
post,2381061422,23,❤‍🔥,40
post,2381061422,23,🔥,38
post,2381061422,24,🤣,85
post,2381061422,24,😁,40
post,2381061422,25,❤,1
post,2381061422,26,❤,59
post,2381061422,26,🔥,18
post,2381061422,26,👍,9
post,2381061422,26,❤‍🔥,3
post,2381061422,27,🔥,93
post,2381061422,27,❤,50
post,2381061422,27,👍,23
post,2381061422,27,😘,7
post,2381061422,27,💘,2
post,2381061422,29,❤,94
post,2381061422,29,👍,24
post,2381061422,29,🔥,19
post,2381061422,29,❤‍🔥,4
post,2381061422,30,❤,83
post,2381061422,30,❤‍🔥,28
post,2381061422,30,🔥,22
post,2381061422,31,❤‍🔥,80
post,2381061422,31,❤,37
post,2381061422,31,🔥,19
post,2381061422,32,❤‍🔥,79
post,2381061422,32,❤,41
post,2381061422,32,🔥,23
post,2381061422,32,🕊,2
post,2381061422,35,🔥,194
post,2381061422,35,❤,33
post,2381061422,35,👏,28
post,2381061422,35,🥰,14
post,2381061422,35,👍,9
post,2381061422,35,🕊,1
post,2381061422,37,🔥,84
post,2381061422,37,❤,27
post,2381061422,37,⚡,7
post,2381061422,37,👍,2
post,2381061422,40,🔥,8
post,2381061422,40,🌚,1
post,2381061422,41,❤,117
post,2381061422,41,🔥,22
post,2381061422,41,👍,4
post,2381061422,41,😱,4
post,2381061422,42,❤‍🔥,51
post,2381061422,42,🤣,34
post,2381061422,42,❤,3
post,2381061422,42,🕊,1
post,2381061422,46,🔥,40
post,2381061422,46,❤,31
post,2381061422,46,👍,3
post,2381061422,46,🕊,1
post,2381061422,47,❤,92
post,2381061422,47,🔥,37
post,2381061422,47,👍,17
post,2381061422,47,🕊,4
post,2381061422,50,🔥,170
post,2381061422,50,❤,70
post,2381061422,50,👍,30
post,2381061422,50,🕊,7
post,2381061422,50,❤‍🔥,4
post,2381061422,51,❤,134
post,2381061422,51,🔥,45
post,2381061422,51,👍,16
post,2381061422,51,🤗,3
post,2381061422,51,❤‍🔥,2
post,2381061422,52,❤,154
post,2381061422,52,🔥,38
post,2381061422,52,❤‍🔥,12
post,2381061422,52,👍,5
post,2381061422,53,❤,44
post,2381061422,53,🔥,18
post,2381061422,53,🕊,7
post,2381061422,54,🔥,63
post,2381061422,54,❤,27
post,2381061422,55,❤,209
post,2381061422,55,❤‍🔥,47
post,2381061422,55,😍,18
post,2381061422,55,👍,5
post,2381061422,56,❤,196
post,2381061422,56,🔥,76
post,2381061422,56,🏆,54
post,2381061422,56,😁,19
post,2381061422,56,❤‍🔥,12
post,2381061422,56,😱,5
post,2381061422,56,🙏,3
post,2381061422,56,👍,2
post,2381061422,56,🥰,1
post,2381061422,57,🔥,187
post,2381061422,57,❤,62
post,2381061422,57,💯,17
post,2381061422,57,👏,5
post,2381061422,57,👍,3
post,2381061422,57,❤‍🔥,2
post,2381061422,57,🦄,2
post,2381061422,59,❤,91
post,2381061422,59,❤‍🔥,28
post,2381061422,59,👍,19
post,2381061422,59,🔥,11
post,2381061422,59,👏,9
post,2381061422,61,🔥,114
post,2381061422,61,❤,35
post,2381061422,61,❤‍🔥,11
post,2381061422,61,👍,2
post,2381061422,62,❤,109
post,2381061422,62,🔥,25
post,2381061422,62,👍,11
post,2381061422,62,😘,6
post,2381061422,62,😱,3
post,2381061422,62,🕊,2
post,2381061422,62,🤔,1
post,2381061422,64,❤,170
post,2381061422,64,🔥,87
post,2381061422,64,❤‍🔥,29
post,2381061422,64,👍,2
post,2381061422,64,👏,2
post,2381061422,64,😁,2
post,2381061422,66,❤,158
post,2381061422,66,👍,49
post,2381061422,66,🕊,10
post,2381061422,66,😁,9
post,2381061422,66,🤣,6
post,2381061422,66,🔥,4
post,2381061422,69,ReactionPaid(),1
post,2381061422,69,😱,102
post,2381061422,69,😭,80
post,2381061422,69,🙏,8
post,2381061422,69,❤,4
post,2381061422,70,ReactionPaid(),1
post,2381061422,70,🔥,86
post,2381061422,70,❤,47
post,2381061422,70,❤‍🔥,19
post,2381061422,75,ReactionPaid(),3
post,2381061422,75,❤,208
post,2381061422,75,❤‍🔥,43
post,2381061422,75,💯,37
post,2381061422,75,🔥,12
post,2381061422,75,👏,7
post,2381061422,75,😢,3
post,2381061422,76,ReactionPaid(),1
post,2381061422,76,❤‍🔥,275
post,2381061422,76,❤,113
post,2381061422,76,💯,31
post,2381061422,76,👍,17
post,2381061422,76,🔥,9
post,2381061422,77,ReactionPaid(),1
post,2381061422,77,❤,173
post,2381061422,77,❤‍🔥,32
post,2381061422,77,😍,12
post,2381061422,77,👍,3
post,2381061422,81,ReactionPaid(),1
post,2381061422,81,❤,240
post,2381061422,81,🔥,65
post,2381061422,81,🥰,26
post,2381061422,81,❤‍🔥,10
post,2381061422,81,👏,6
post,2381061422,98,ReactionPaid(),1
post,2381061422,98,❤,90
post,2381061422,98,❤‍🔥,21
post,2381061422,98,💯,13
post,2381061422,99,ReactionPaid(),1
post,2381061422,99,❤,152
post,2381061422,99,🎉,24
post,2381061422,99,🔥,21
post,2381061422,99,❤‍🔥,6
post,2381061422,99,🥰,1
post,2381061422,101,ReactionPaid(),4
post,2381061422,101,🔥,119
post,2381061422,101,❤,51
post,2381061422,101,😍,15
post,2381061422,101,🤣,11
post,2381061422,101,❤‍🔥,10
post,2381061422,101,👍,2
post,2381061422,101,🥰,1
post,2381061422,103,ReactionPaid(),2
post,2381061422,103,❤,247
post,2381061422,103,🔥,63
post,2381061422,103,❤‍🔥,30
post,2381061422,103,👍,3
post,2381061422,106,ReactionPaid(),1
post,2381061422,106,❤,97
post,2381061422,106,🙏,62
post,2381061422,106,👍,18
post,2381061422,106,🕊,4
post,2381061422,106,💯,1
post,2381061422,110,ReactionPaid(),1
post,2381061422,110,❤,86
post,2381061422,110,🔥,19
post,2381061422,110,💔,6
post,2381061422,110,🦄,4
post,2381061422,110,👏,2
post,2381061422,110,❤‍🔥,1
post,2381061422,112,ReactionPaid(),1
post,2381061422,112,❤,108
post,2381061422,112,🏆,13
post,2381061422,112,😇,6
post,2381061422,112,👍,4
post,2381061422,112,❤‍🔥,3
post,2381061422,117,ReactionPaid(),1
post,2381061422,117,❤,63
post,2381061422,117,❤‍🔥,3
post,2381061422,118,🔥,29
post,2381061422,119,🔥,24
post,2381061422,120,🔥,21
post,2381061422,120,❤,3
post,2381061422,120,😍,2
post,2381061422,121,🔥,21
post,2381061422,122,❤,19
post,2381061422,122,🔥,3
post,2381061422,124,❤,20
post,2381061422,126,ReactionPaid(),2
post,2381061422,126,❤,140
post,2381061422,126,👍,22
post,2381061422,126,🔥,13
post,2381061422,126,🥰,12
post,2381061422,126,❤‍🔥,3
post,2381061422,126,👏,3
post,2381061422,127,ReactionPaid(),1
post,2381061422,127,🔥,65
post,2381061422,127,❤,41
post,2381061422,127,⚡,7
post,2381061422,127,👏,3
post,2381061422,129,ReactionPaid(),1
post,2381061422,129,❤,82
post,2381061422,129,🔥,25
post,2381061422,129,👍,11
post,2381061422,132,ReactionPaid(),1
post,2381061422,132,❤,165
post,2381061422,132,❤‍🔥,26
post,2381061422,132,⚡,15
post,2381061422,132,👍,6
post,2381061422,132,👏,1
post,2381061422,133,ReactionPaid(),1
post,2381061422,133,❤,73
post,2381061422,133,🥰,8
post,2381061422,133,🙏,5
post,2381061422,133,💯,4
post,2381061422,136,❤,83
post,2381061422,136,🔥,36
post,2381061422,136,👏,7
post,2381061422,137,ReactionPaid(),1
post,2381061422,137,❤,158
post,2381061422,137,😁,93
post,2381061422,137,🔥,47
post,2381061422,137,🤣,25
post,2381061422,137,💯,11
post,2381061422,137,❤‍🔥,2
post,2381061422,138,ReactionPaid(),2
post,2381061422,138,❤‍🔥,96
post,2381061422,138,❤,42
post,2381061422,138,💯,34
post,2381061422,138,🔥,4
post,2381061422,139,ReactionPaid(),1
post,2381061422,139,❤,120
post,2381061422,139,🔥,34
post,2381061422,139,❤‍🔥,14
post,2381061422,139,👏,2
post,2381061422,141,ReactionPaid(),1
post,2381061422,141,🔥,100
post,2381061422,141,❤,54
post,2381061422,141,❤‍🔥,14
post,2381061422,141,💯,1
post,2381061422,144,ReactionPaid(),2
post,2381061422,144,❤,151
post,2381061422,144,😢,27
post,2381061422,144,💯,26
post,2381061422,144,👍,6
post,2381061422,144,❤‍🔥,3
post,2381061422,144,🔥,2
post,2381061422,145,ReactionPaid(),2
post,2381061422,145,❤,120
post,2381061422,145,💯,10
post,2381061422,145,😍,8
post,2381061422,145,❤‍🔥,2
post,2381061422,145,😢,1
post,2381061422,146,ReactionPaid(),2
post,2381061422,146,❤,99
post,2381061422,146,🔥,26
post,2381061422,146,❤‍🔥,14
post,2381061422,146,💯,8
post,2381061422,146,😁,5
post,2381061422,146,👍,3
post,2381061422,147,ReactionPaid(),2
post,2381061422,147,❤,240
post,2381061422,147,👍,83
post,2381061422,147,🔥,36
post,2381061422,147,😍,16
post,2381061422,148,ReactionPaid(),2
post,2381061422,148,❤,149
post,2381061422,148,💯,35
post,2381061422,148,🥰,13
post,2381061422,148,❤‍🔥,8
post,2381061422,148,⚡,3
post,2381061422,148,🕊,1
post,2381061422,153,😍,47
post,2381061422,153,😁,19
post,2381061422,153,❤,9
post,2381061422,154,ReactionPaid(),1
post,2381061422,154,😁,107
post,2381061422,154,❤,41
post,2381061422,154,🤣,18
post,2381061422,154,👍,1
post,2381061422,155,ReactionPaid(),1
post,2381061422,155,❤,103
post,2381061422,155,❤‍🔥,25
post,2381061422,155,👍,21
post,2381061422,155,🔥,1
post,2381061422,155,👌,1
post,2381061422,155,🦄,1
post,2381061422,157,❤‍🔥,83
post,2381061422,157,❤,48
post,2381061422,157,👍,25
post,2381061422,157,🔥,6
post,2381061422,157,💯,1
post,2381061422,158,ReactionPaid(),1
post,2381061422,158,❤,157
post,2381061422,158,🔥,25
post,2381061422,158,❤‍🔥,13
post,2381061422,158,👍,6
post,2381061422,158,👏,2
post,2381061422,158,🕊,1
post,2381061422,159,ReactionPaid(),1
post,2381061422,159,❤,132
post,2381061422,159,🔥,38
post,2381061422,159,❤‍🔥,18
post,2381061422,159,🥰,1
post,2381061422,161,❤,94
post,2381061422,161,🔥,47
post,2381061422,161,🥰,11
post,2381061422,162,ReactionPaid(),1
post,2381061422,162,❤,111
post,2381061422,162,👏,33
post,2381061422,162,⚡,8
post,2381061422,162,💯,3
post,2381061422,162,🔥,2
post,2381061422,162,👍,1
post,2381061422,164,ReactionPaid(),1
post,2381061422,164,❤,69
post,2381061422,164,🔥,23
post,2381061422,164,❤‍🔥,6
post,2381061422,164,🤩,2
post,2381061422,165,ReactionPaid(),1
post,2381061422,165,❤,114
post,2381061422,165,👍,28
post,2381061422,165,🔥,13
post,2381061422,165,💯,6
post,2381061422,169,ReactionPaid(),1
post,2381061422,169,❤,116
post,2381061422,169,👍,30
post,2381061422,169,💯,12
post,2381061422,169,🥰,9
post,2381061422,170,ReactionPaid(),4
post,2381061422,170,❤,260
post,2381061422,170,🔥,61
post,2381061422,170,❤‍🔥,20
post,2381061422,170,😍,3
post,2381061422,171,ReactionPaid(),1
post,2381061422,171,❤,135
post,2381061422,171,🔥,19
post,2381061422,171,🙏,17
post,2381061422,171,👍,2
post,2381061422,171,😢,2
post,2381061422,171,✍,1
post,2381061422,171,🥰,1
post,2381061422,172,ReactionPaid(),1
post,2381061422,172,❤,129
post,2381061422,172,👍,30
post,2381061422,172,🥰,14
post,2381061422,172,🔥,2
post,2381061422,175,ReactionPaid(),1
post,2381061422,175,❤,56
post,2381061422,175,🔥,13
post,2381061422,175,🥰,2
post,2381061422,175,👍,1
post,2381061422,178,ReactionPaid(),1
post,2381061422,178,❤,89
post,2381061422,178,🔥,22
post,2381061422,178,🥰,11
post,2381061422,178,🙏,6
post,2381061422,178,❤‍🔥,2
post,2381061422,179,❤,53
post,2381061422,180,❤,53
post,2381061422,181,❤,58
post,2381061422,182,❤,64
post,2381061422,183,ReactionPaid(),1
post,2381061422,183,❤,68
post,2381061422,183,🔥,17
post,2381061422,183,💯,3
post,2381061422,183,❤‍🔥,1
post,2381061422,184,ReactionPaid(),1
post,2381061422,184,❤,100
post,2381061422,184,🔥,42
post,2381061422,184,👏,16
post,2381061422,184,🥱,1
post,2381061422,187,ReactionPaid(),1
post,2381061422,187,❤,105
post,2381061422,187,👍,17
post,2381061422,187,❤‍🔥,12
post,2381061422,187,🕊,1
post,2381061422,188,ReactionPaid(),1
post,2381061422,188,❤,101
post,2381061422,188,⚡,13
post,2381061422,188,🥰,8
post,2381061422,188,👍,3
post,2381061422,188,🙏,3
post,2381061422,188,💯,2
post,2381061422,189,ReactionPaid(),1
post,2381061422,189,❤,89
post,2381061422,189,👏,21
post,2381061422,189,💔,9
post,2381061422,189,🥰,7
post,2381061422,189,🔥,6
post,2381061422,189,👍,3
post,2381061422,193,❤,58
post,2381061422,193,🔥,16
post,2381061422,193,💯,8
post,2381061422,194,❤,58
post,2381061422,194,🔥,15
post,2381061422,194,❤‍🔥,8
post,2381061422,195,❤,52
post,2381061422,195,❤‍🔥,13
post,2381061422,195,⚡,9
post,2381061422,195,👍,4
post,2381061422,196,❤‍🔥,44
post,2381061422,196,❤,24
post,2381061422,196,🤗,5
post,2381061422,196,⚡,4
post,2381061422,197,ReactionPaid(),1
post,2381061422,197,❤‍🔥,42
post,2381061422,197,❤,15
post,2381061422,197,🔥,11
post,2381061422,197,👍,2
post,2381061422,198,ReactionPaid(),2
post,2381061422,198,🔥,59
post,2381061422,198,❤,50
post,2381061422,198,😁,8
post,2381061422,198,🍌,2
post,2381061422,198,🦄,1
post,2381061422,202,ReactionPaid(),1
post,2381061422,202,🔥,62
post,2381061422,202,❤‍🔥,20
post,2381061422,202,🙏,7
post,2381061422,202,👍,4
post,2381061422,206,ReactionPaid(),1
post,2381061422,206,🔥,97
post,2381061422,206,😁,36
post,2381061422,206,❤,31
post,2381061422,213,ReactionPaid(),1
post,2381061422,213,🔥,191
post,2381061422,213,❤,146
post,2381061422,213,🎄,38
post,2381061422,216,ReactionPaid(),2
post,2381061422,216,❤,40
post,2381061422,216,🔥,6
post,2381061422,216,👍,5
post,2381061422,217,ReactionPaid(),1
post,2381061422,217,❤,39
post,2381061422,217,❤‍🔥,7
post,2381061422,217,👍,5
post,2381061422,218,ReactionPaid(),1
post,2381061422,218,❤,40
post,2381061422,218,❤‍🔥,6
post,2381061422,218,🔥,5
post,2381061422,219,ReactionPaid(),1
post,2381061422,219,❤,38
post,2381061422,219,🔥,9
post,2381061422,219,👍,4
post,2381061422,220,ReactionPaid(),1
post,2381061422,220,❤‍🔥,55
post,2381061422,220,❤,39
post,2381061422,220,🔥,23
post,2381061422,220,👏,4
post,2381061422,225,ReactionPaid(),1
post,2381061422,225,❤,55
post,2381061422,225,🔥,23
post,2381061422,225,🥰,4
post,2381061422,225,😐,2
post,2381061422,225,🤔,1
post,2381061422,225,🙊,1
post,2381061422,226,ReactionPaid(),1
post,2381061422,226,❤,53
post,2381061422,226,🙏,14
post,2381061422,226,🔥,3
post,2381061422,226,👍,2
post,2381061422,230,❤,54
post,2381061422,230,😘,11
post,2381061422,230,🔥,5
post,2381061422,231,ReactionPaid(),1
post,2381061422,231,❤,106
post,2381061422,231,🥰,36
post,2381061422,231,🤗,17
post,2381061422,231,🎄,1
post,2381061422,231,💅,1
post,2381061422,232,ReactionPaid(),1
post,2381061422,232,❤,92
post,2381061422,232,🎄,27
post,2381061422,232,🎅,10
post,2381061422,232,🔥,7
post,2381061422,234,ReactionPaid(),2
post,2381061422,234,❤,140
post,2381061422,234,❤‍🔥,34
post,2381061422,234,💯,14
post,2381061422,234,👏,6
post,2381061422,234,🎄,4
post,2381061422,234,😍,3
post,2381061422,234,☃,2
post,2381061422,234,👍,1
post,2381061422,234,🤣,1
post,2381061422,236,❤,30
post,2381061422,236,🎉,4
post,2381061422,236,🙏,2
post,2381061422,237,ReactionPaid(),1
post,2381061422,237,❤,77
post,2381061422,237,🔥,55
post,2381061422,237,❤‍🔥,23
post,2381061422,237,🙏,4
post,2381061422,238,ReactionPaid(),1
post,2381061422,238,😁,81
post,2381061422,238,🤣,47
post,2381061422,238,❤,21
post,2381061422,238,🔥,11
post,2381061422,242,ReactionPaid(),1
post,2381061422,242,❤,96
post,2381061422,242,🔥,27
post,2381061422,242,💯,15
post,2381061422,242,❤‍🔥,7
post,2381061422,242,👍,3
post,2381061422,242,🦄,1
post,2381061422,243,ReactionPaid(),1
post,2381061422,243,❤,75
post,2381061422,243,💯,33
post,2381061422,243,🔥,13
post,2381061422,243,😢,4
post,2381061422,243,🕊,3
post,2381061422,245,ReactionPaid(),1
post,2381061422,245,❤,71
post,2381061422,245,❤‍🔥,12
post,2381061422,245,👍,2
post,2381061422,246,ReactionPaid(),1
post,2381061422,246,❤,60
post,2381061422,246,👍,19
post,2381061422,246,💯,17
post,2381061422,246,🕊,7
post,2381061422,247,ReactionPaid(),1
post,2381061422,247,❤,71
post,2381061422,247,💯,19
post,2381061422,247,❤‍🔥,12
post,2381061422,248,ReactionPaid(),1
post,2381061422,248,❤,62
post,2381061422,248,💯,10
post,2381061422,248,🕊,3
post,2381061422,249,ReactionPaid(),1
post,2381061422,249,❤,68
post,2381061422,249,🙏,4
post,2381061422,250,ReactionPaid(),2
post,2381061422,250,❤,100
post,2381061422,250,😍,13
post,2381061422,250,🍓,8
post,2381061422,250,❤‍🔥,5
post,2381061422,251,❤,73
post,2381061422,251,👏,15
post,2381061422,251,❤‍🔥,13
post,2381061422,251,🕊,2
post,2381061422,253,ReactionPaid(),1
post,2381061422,253,❤,57
post,2381061422,253,💔,36
post,2381061422,253,🤔,17
post,2381061422,254,ReactionPaid(),1
post,2381061422,254,❤,205
post,2381061422,254,💘,22
post,2381061422,254,❤‍🔥,16
post,2381061422,254,🥰,2
post,1984860111,4691,❤,11
post,1984860111,4691,🥰,8
post,1984860111,4691,🙏,1
post,1984860111,4692,🙏,14
post,1984860111,4692,❤,8
post,1984860111,4692,👍,2
post,1984860111,4693,👍,20
post,1984860111,4693,❤,3
post,1984860111,4693,😁,3
post,1984860111,4693,🙏,1
post,1984860111,4694,🙏,17
post,1984860111,4694,👍,14
post,1984860111,4694,❤,6
post,1984860111,4695,❤,23
post,1984860111,4695,👍,5
post,1984860111,4696,👍,22
post,1984860111,4696,❤,8
post,1984860111,4697,👍,19
post,1984860111,4697,❤,5
post,1984860111,4697,😁,4
post,1984860111,4698,👍,21
post,1984860111,4698,❤,12
post,1984860111,4699,❤,15
post,1984860111,4699,👍,10
post,1984860111,4700,❤,16
post,1984860111,4700,👍,8
post,1984860111,4700,😁,3
post,1984860111,4701,❤,16
post,1984860111,4701,👍,6
post,1984860111,4702,👍,15
post,1984860111,4702,❤,6
post,1984860111,4703,❤,12
post,1984860111,4703,👍,5
post,1984860111,4704,❤,11
post,1984860111,4705,❤,17
post,1984860111,4705,👍,3
post,1984860111,4706,❤,9
post,1984860111,4706,👍,4
post,1984860111,4707,❤,16
post,1984860111,4707,👍,2
post,1984860111,4708,❤,11
post,1984860111,4709,👍,10
post,1984860111,4709,❤,2
post,1984860111,4710,❤,9
post,1984860111,4710,👍,6
post,1984860111,4711,👍,13
post,1984860111,4712,👍,11
post,1984860111,4712,❤,1
post,1984860111,4713,❤,9
post,1984860111,4714,❤,9
post,1984860111,4715,❤,9
post,1984860111,4716,👍,6
post,1984860111,4717,❤,9
post,1984860111,4717,👍,1
post,1984860111,4718,👍,4
post,1984860111,4718,❤,1
